id,first_name,last_name,gender,country,favourite_color
1,Flory,Slyford,Male,France,#80fcb7
2,Jordain,Brockie,Male,Ukraine,#97bf82
3,Melli,Duffie,Female,Indonesia,#3fc9c6
4,Dianne,Mickleburgh,Female,Czech Republic,#339800
5,Erina,Doppler,Male,Bulgaria,#60ee83
6,Kiele,Petzolt,Male,China,#a24e67
7,Jae,Goakes,Female,Netherlands,#9afd8a
8,Gene,Kydd,Male,Indonesia,#a7d737
9,Cristen,Simonich,Female,Palestinian Territory,#c3b416
10,Wilone,Scarasbrick,Female,China,#dc5b28
11,Tina,Aberkirdo,Male,Thailand,#340b5f
12,Dulcy,Ortell,Male,Argentina,#d61ad7
13,Lucais,Kerfoot,Female,Poland,#6890ed
14,Rowena,Castan,Male,Brazil,#46f851
15,Clio,Sich,Male,Belarus,#280ac4
16,Malia,Hillett,Male,Brazil,#04cbc4
17,Gertrud,Dunstone,Female,Macedonia,#9b07a0
18,Nelle,Disley,Female,Russia,#49b481
19,Lu,Sedgeman,Female,Philippines,#ee8d5d
20,Alfie,Grigoletti,Male,China,#44af32
21,Eamon,Nuemann,Male,China,#ce59b6
22,Dru,Brackpool,Female,Russia,#d8dc4c
23,Kelcy,O'Fallowne,Female,Brazil,#4ae4bb
24,Moise,Yerbury,Female,Philippines,#0bf947
25,Cullin,Izhakov,Female,Mexico,#700a7c
26,Kathe,Birchenough,Male,Poland,#49fa38
27,Caspar,Peever,Male,Indonesia,#3b04f7
28,Kimmie,Fullylove,Male,United States,#f370b3
29,Newton,Petters,Female,Indonesia,#f21dfa
30,Lyon,Shakesbye,Male,Italy,#a5f3de
31,Reginald,Tevlin,Female,Indonesia,#1f6739
32,Jacinda,Burgne,Male,China,#28985e
33,Franklyn,Sadgrove,Female,Philippines,#bf1640
34,Stanislas,Bullar,Male,Russia,#039251
35,Terencio,Sames,Male,Philippines,#c9330a
36,Milty,Calderonello,Male,Croatia,#234f59
37,Kristal,McElhinney,Male,Philippines,#e9d8bd
38,Luisa,Blunderfield,Female,Russia,#dc93f3
39,Morna,Casserly,Female,United States,#63138b
40,Taffy,Kinvig,Female,Democratic Republic of the Congo,#dd9b46
41,Melba,Fairtlough,Female,China,#c3c272
42,Nataniel,Bourley,Female,Indonesia,#cae410
43,Mile,Kemmett,Female,Poland,#093d3e
44,Gerard,Yon,Female,Argentina,#25cb38
45,Lee,Pasterfield,Male,Poland,#b62300
46,Pepita,McPaik,Female,Bermuda,#686dfc
47,Marlena,Gooms,Male,Philippines,#d8b5ce
48,Cindi,Kay,Female,Czech Republic,#f32184
49,Anne,Cree,Female,United States,#767dd9
50,Dag,Coxen,Male,China,#51042e
51,Alistair,Wareham,Female,Nigeria,#d6eb07
52,Elden,Pilbury,Female,China,#55a3cc
53,Putnem,Callway,Male,China,#abb5f9
54,Kermie,MacNamara,Male,China,#cf9769
55,Forster,Strete,Female,Poland,#3a01ab
56,Shermie,Cull,Female,China,#8c69e4
57,Julieta,Cutmore,Female,Guatemala,#55ac68
58,Roana,Corley,Female,El Salvador,#3718f2
59,Claudine,Kew,Male,Indonesia,#46065b
60,Cole,Gages,Female,Nigeria,#3378bc
61,Neila,Lindenfeld,Male,Germany,#4ada09
62,Tresa,Dyas,Male,Kazakhstan,#e27e30
63,Grantley,Rainger,Male,Tanzania,#f3a0e4
64,Fanchette,Moulsdale,Female,Russia,#8a4e45
65,Lynn,Worden,Female,Togo,#98629c
66,Ailsun,Gosalvez,Female,China,#e4a5d5
67,Inessa,Ingreda,Male,Japan,#c2caa6
68,Nichole,Roch,Male,Philippines,#d38c65
69,Henryetta,Bartoszinski,Male,Bulgaria,#dbf2d9
70,Burty,O'Drought,Male,Israel,#3e3bc3
71,Maud,Brumen,Female,Nigeria,#4ff0bf
72,Rosina,Searchfield,Female,Russia,#8aa210
73,Almira,Ponton,Female,Philippines,#36ba5c
74,Benedikt,Monteaux,Male,Argentina,#23ab28
75,Suzi,Bladder,Male,Russia,#27b1d6
76,Manya,Cawdell,Male,China,#f03822
77,Frans,Joontjes,Male,United Kingdom,#c8d375
78,Elka,Sloper,Female,Chad,#84d710
79,Stephannie,Hilliam,Male,Indonesia,#3ed5be
80,Nelie,Beaver,Female,Thailand,#d2bfa8
81,Gil,Garrattley,Female,Indonesia,#90ff2c
82,Tess,Francombe,Male,Ukraine,#a18765
83,Adela,O'Lehane,Male,China,#893526
84,Karen,Kerton,Female,Czech Republic,#3b0082
85,Richy,Hacquoil,Female,Indonesia,#e8da96
86,Christen,Raoult,Male,Argentina,#f41d02
87,Melisse,Farnaby,Male,Lithuania,#0402fa
88,Bennie,Allnutt,Female,Indonesia,#65f294
89,Judye,Fludgate,Male,Brazil,#5f6887
90,Florida,Fee,Female,Sweden,#2ad24e
91,Molli,Cordeux,Male,Albania,#4294f2
92,Jody,Scarisbrick,Female,Indonesia,#37ae7c
93,Selia,Gooddie,Male,Niger,#b7d435
94,Sisile,Hendrix,Male,Brazil,#5fd133
95,Meridel,Dionisi,Female,Mexico,#1f2d20
96,Odele,Savory,Female,Armenia,#75cdf6
97,Keene,Robken,Female,Brazil,#cb0704
98,Eleonora,Renault,Female,Japan,#e7e9d6
99,Dyann,Gerrey,Female,Indonesia,#2b264d
100,Frank,Grut,Female,Indonesia,#7dc3c0
101,Arturo,De Paepe,Male,Philippines,#5dfcef
102,Terrance,Hallen,Male,Indonesia,#afc5ed
103,Cori,Mulvey,Male,Vietnam,#069d9d
104,Nerita,Skepper,Female,Bosnia and Herzegovina,#691c41
105,Bryce,Raccio,Female,France,#da2299
106,Helenelizabeth,Plaistowe,Male,Russia,#02c15a
107,Ardine,Cordeix,Male,Bahamas,#00e43f
108,Frederica,Cockling,Female,China,#af9a25
109,Roz,Hehnke,Female,Syria,#258a79
110,Carilyn,McCrossan,Male,Indonesia,#530c90
111,Hollyanne,Minigo,Male,Sweden,#9a4d86
112,Jen,Chapellow,Female,China,#d82c45
113,Fransisco,Marcombe,Female,Cuba,#8800b9
114,Irv,Briddle,Male,China,#2de32a
115,Kissee,Whyborne,Male,Libya,#6edd14
116,Corrinne,Cullabine,Male,Ethiopia,#8068b0
117,Yancey,Pipping,Female,United States,#c60394
118,Marten,Bowskill,Female,Guatemala,#a1b1e3
119,Major,Creebo,Male,China,#8374c3
120,Carolyn,Dumingos,Female,China,#11cccc
121,Krishnah,Whellams,Male,China,#902130
122,Aundrea,Featherstonhalgh,Male,Albania,#251326
123,Dominique,Harbach,Male,Portugal,#3c3119
124,Erl,Keilloh,Male,China,#d56343
125,Gunilla,Meddings,Male,Czech Republic,#cc67de
126,Blair,Formigli,Male,Greece,#379669
127,Frederique,Wallentin,Male,China,#d6edb9
128,Barclay,Glazebrook,Female,Indonesia,#ea46f6
129,Doy,MacDunleavy,Male,China,#72fdbf
130,Cathyleen,Fletcher,Female,China,#ebeaaa
131,Christos,Orr,Male,Ukraine,#d767b7
132,Carlie,Wrathmall,Male,United States,#8aae5e
133,Powell,Turbitt,Male,United Kingdom,#8b27f5
134,Oneida,Ker,Female,Philippines,#e22603
135,Dud,Twelvetree,Female,China,#479c25
136,Elysee,Allen,Male,Finland,#7c44a5
137,Kordula,Beton,Female,United States,#bbb052
138,Winston,Keems,Male,Sweden,#654822
139,Norton,Laver,Male,Lithuania,#202c5d
140,Stephanie,Edgson,Male,Indonesia,#164e6c
141,Jarred,Dysert,Male,China,#eec806
142,Haley,MacKeever,Female,Nigeria,#79bb8f
143,Rosanna,Sarfatti,Female,China,#f039cb
144,Kirsteni,Servant,Female,Greece,#5689c9
145,Alexandre,Walbridge,Male,Indonesia,#6aa1eb
146,Yves,Meaden,Male,China,#2eabe1
147,Doralynne,Drillingcourt,Male,Colombia,#351998
148,Ignacio,Stormouth,Female,Ukraine,#414729
149,Fredelia,Ramel,Female,Czech Republic,#f0e1e5
150,Damiano,Lambeth,Male,Bangladesh,#b4f5bb
151,Claiborne,Manifield,Female,South Africa,#9216a7
152,Bastian,Hebard,Female,China,#47c6a4
153,Fiorenze,Bonome,Female,Haiti,#1017c3
154,Dee dee,Brydie,Male,Czech Republic,#25c0c4
155,Clerkclaude,Floris,Male,Indonesia,#45fc35
156,Lauretta,Dalziell,Male,Ukraine,#a7f084
157,Michelina,Longmore,Male,Japan,#d2fb32
158,Ellynn,Gonzales,Female,Poland,#d45505
159,Ram,Penson,Male,Bulgaria,#5b8737
160,Johnathon,Rafter,Male,South Korea,#7be612
161,Miranda,Meiklejohn,Male,Russia,#d98c24
162,Vivyanne,Beament,Female,Vietnam,#6571c6
163,Anabal,Gillott,Male,Niger,#7d9662
164,Drake,Aubry,Female,Indonesia,#fc82b3
165,Jaymie,Rampley,Male,Czech Republic,#bf0ff1
166,Geoff,Edgler,Male,Czech Republic,#4e3529
167,Jacinta,Houldey,Male,Macedonia,#cf2598
168,Mathias,Pohling,Male,Albania,#492777
169,Bruis,Romera,Male,Philippines,#18c26e
170,Engracia,Zottoli,Male,Ethiopia,#d33e48
171,Pat,Loody,Female,New Zealand,#3c377d
172,Dorine,Negus,Female,Brazil,#73fb4e
173,Esther,Grunwall,Male,Japan,#8043e5
174,Dulcia,Setford,Male,France,#503e51
175,Dell,Abreheart,Male,Russia,#11b8df
176,Claudine,Hartfleet,Male,Brazil,#aa1bd7
177,Gwendolen,Border,Female,China,#acb8a4
178,Kristofor,Beeck,Female,China,#fa2a8f
179,Darn,Arnholz,Male,Brazil,#2fda58
180,Lev,Winfred,Female,France,#66626e
181,Doria,Folks,Female,Russia,#15f34f
182,Ashlie,Prator,Male,Bulgaria,#dc32da
183,Trefor,Hanner,Female,China,#b0ee98
184,Kylie,Hynam,Male,Dominican Republic,#6c838b
185,Yalonda,Leed,Female,China,#febfde
186,Doris,Palomba,Male,Burkina Faso,#82c9ef
187,Piggy,Strahan,Female,Japan,#fed18f
188,Donn,Burnall,Male,Dominican Republic,#d6da5a
189,Berny,Fentem,Female,Greece,#13071e
190,Kerrin,McMechan,Male,Portugal,#effd9a
191,Augusta,McIan,Female,Philippines,#366b97
192,Kevyn,Hanton,Female,Russia,#5360b5
193,Deeann,Strahan,Male,Mexico,#92985a
194,Amitie,De Blasiis,Male,Canada,#b249bb
195,Daryle,Yankov,Male,Netherlands,#1b295a
196,Darin,Wadmore,Male,China,#3188fb
197,Esra,Vaskov,Male,China,#a82fb9
198,Lavina,Moorton,Male,Kenya,#af5f9f
199,Lauryn,Shillito,Female,Russia,#c7263b
200,Rana,Dutson,Female,China,#7be868
201,Nevins,Orgill,Male,Honduras,#cdfb02
202,Gordan,Gerssam,Male,Bulgaria,#cdbb12
203,Janifer,Mullinger,Male,Ethiopia,#62fdad
204,Kipper,Memory,Female,Malaysia,#10bf61
205,Judas,Cammomile,Female,Russia,#1fac9c
206,Adair,Hawken,Male,Vietnam,#edd05b
207,Kirsteni,Belone,Male,Portugal,#ff4b36
208,Corenda,Hoffner,Male,China,#074048
209,Baldwin,Frye,Female,Mongolia,#fb48a5
210,Alfonso,Newcome,Female,Japan,#a05d07
211,Karly,Banfield,Female,Armenia,#6f000e
212,Cherida,Downs,Female,Armenia,#008c3c
213,Halli,Heersema,Male,Canada,#4f87c9
214,Bria,Mingasson,Male,Bangladesh,#6f438e
215,Aura,Amner,Female,Guatemala,#c0c7d8
216,Dag,Cranefield,Male,China,#eee7c4
217,Ray,Pearmain,Male,Burkina Faso,#62fb6e
218,Elmo,Merriment,Female,Russia,#f62a10
219,Ashlen,Gobell,Male,Indonesia,#884faa
220,Rani,Marquiss,Male,Kenya,#dd7233
221,Christophorus,Twelves,Female,Sweden,#21b802
222,Hewitt,Sandes,Male,Philippines,#25196f
223,Katinka,Bratty,Male,Ukraine,#aa566e
224,Jaimie,Massel,Male,France,#a1279c
225,Blayne,Kamenar,Female,United States,#0d2583
226,Efrem,Teasdale,Female,Lithuania,#53de98
227,Cassandra,Jovovic,Female,Spain,#5b32bc
228,Gabriell,Cuberley,Female,Canada,#78afc2
229,Hartley,Daverin,Female,China,#ac31f0
230,Marsiella,Trythall,Female,Indonesia,#2cd8d4
231,Pryce,McCrea,Female,Indonesia,#829e2f
232,Rebecca,Kell,Female,Denmark,#f2385e
233,Jae,McGinly,Male,Colombia,#a5e5b6
234,Camille,Malloy,Male,Czech Republic,#72f270
235,Ingra,Kopke,Male,China,#631749
236,Amandy,Keely,Male,Poland,#b4d111
237,Hymie,Calladine,Male,Japan,#414a9d
238,Cornelia,Bryer,Female,France,#780d70
239,Zuzana,Daglish,Male,Bolivia,#becaa6
240,Shoshanna,Asple,Male,Philippines,#5a690b
241,Basile,Giamo,Male,China,#cfbe9e
242,Vivienne,Titmuss,Female,China,#f55a43
243,Hayward,Bannester,Female,Indonesia,#69fc3c
244,Washington,Aluard,Female,Peru,#e80b8f
245,Carmon,MacKibbon,Female,Nigeria,#e3b7a9
246,Kerri,Shobrook,Male,Spain,#89c3fd
247,Cornie,Stripp,Male,China,#d052b4
248,Maure,Catonnet,Female,Philippines,#4f4b14
249,Kelci,Twell,Male,Colombia,#d317cc
250,Donelle,Scinelli,Male,Canada,#1bbdf1
251,Larine,Astlet,Male,Philippines,#d4ead3
252,Ora,Westfalen,Female,Brazil,#9ad0ae
253,Josepha,Brewse,Female,Colombia,#d3b3b3
254,Melva,Gras,Male,Haiti,#a8a88b
255,Annecorinne,Heatly,Female,France,#b259b9
256,Shaylyn,Oboy,Male,Uruguay,#97447a
257,Isacco,Odgers,Female,Russia,#c995ca
258,Matthew,Sigsworth,Male,France,#94a71c
259,Sam,Ridesdale,Female,Peru,#d05723
260,Brianne,Fullerlove,Male,Czech Republic,#1564b4
261,Laverne,Kennifeck,Male,Central African Republic,#35448d
262,Dick,Nan Carrow,Male,Philippines,#e64b66
263,Bibby,Defau,Male,Poland,#789650
264,Janka,Dunning,Female,Nicaragua,#00f750
265,Elisha,Hedon,Female,Nigeria,#6d10ff
266,Audie,Geldart,Male,Australia,#e4911e
267,Isidore,Blackadder,Female,Indonesia,#8a586e
268,Aidan,McGenis,Male,Thailand,#60fabe
269,Alicia,Megson,Male,Russia,#26af61
270,Daniela,Di Ruggero,Male,Philippines,#33277a
271,Shara,McGrirl,Male,Ethiopia,#8315f2
272,Wyatan,Liddall,Female,China,#5b264a
273,Maxine,Bartkowiak,Female,China,#ba0eeb
274,Gaby,McQuilliam,Female,Russia,#7fe0ef
275,Marnia,Surridge,Male,Croatia,#a76cfe
276,Easter,Besson,Female,Cameroon,#18e24f
277,Etan,Kinze,Male,Russia,#1fb1a6
278,Innis,Wick,Male,Indonesia,#40c65d
279,Ardelis,Fisher,Female,China,#cb4dc4
280,Lorelle,Yglesias,Female,Belarus,#35386e
281,Annabela,Mixhel,Female,Sri Lanka,#4efd97
282,Johnnie,Cearley,Male,Cameroon,#6574aa
283,Chery,McMenamie,Female,Sweden,#db9958
284,Viviyan,Fosbraey,Female,Philippines,#ddf439
285,Brooks,Heintzsch,Male,China,#d71478
286,Aldwin,Ramble,Male,Czech Republic,#bd9e71
287,Debora,Ashworth,Male,Thailand,#a46793
288,Gwyn,Faulder,Male,China,#286f55
289,Corrina,Rowth,Female,Denmark,#2281c8
290,Shawna,Deeves,Male,China,#52b905
291,Lauren,Ciepluch,Female,Brunei,#72b89b
292,Liv,Mougeot,Male,China,#98ca92
293,Madelaine,Skaif,Male,Albania,#c60faf
294,Trixie,Palfrey,Female,Brazil,#4359fb
295,Kare,Jess,Male,Japan,#849a37
296,Nonah,Oseman,Male,Tanzania,#ce085c
297,Henka,Hamments,Female,Brazil,#d622c6
298,Alexandro,Allsobrook,Female,Poland,#fdac91
299,Stace,Roberts,Male,Canada,#7c403c
300,Aryn,Vasser,Female,Philippines,#3b76a0
301,Godfrey,Huff,Male,China,#33ce6d
302,Javier,Wasmer,Female,Japan,#e8371e
303,Darcie,Proudler,Male,Indonesia,#160041
304,Corty,Rubin,Female,Russia,#f6eb5c
305,Janean,BURWIN,Female,Greece,#3c5df8
306,Adolf,Handlin,Male,Nigeria,#80c701
307,Charo,Grimsdith,Female,China,#41f77d
308,Twila,Bartell,Male,Poland,#3f00ff
309,Sidonia,Viles,Female,China,#07e111
310,Mart,Dufoure,Male,Russia,#165177
311,Leroi,Prew,Female,United States,#7a36dd
312,Boycey,Dykes,Female,Indonesia,#72266c
313,Alfy,Giff,Female,China,#94bdda
314,Margy,Pragnell,Female,China,#2548cf
315,Dahlia,Pelling,Male,Japan,#8b3c3c
316,Auria,Mackiewicz,Female,China,#64d63a
317,Dilan,Satterly,Male,Serbia,#cad7f3
318,Michail,Stollwerck,Female,China,#a0d7c8
319,Laurena,Rearie,Female,France,#512e6d
320,Tully,Le Blond,Female,China,#a0fed5
321,Isak,Brandli,Female,Indonesia,#33092a
322,Allyn,Edy,Male,Philippines,#f46fd2
323,Eveline,Chisman,Female,China,#707bb5
324,Andriana,Charlo,Male,Brazil,#a5a94e
325,Peter,Kopta,Female,Colombia,#abaf23
326,Paten,Ramelet,Male,Poland,#44b2da
327,Ester,Downe,Male,France,#c85ea2
328,Riley,Barribal,Male,Suriname,#84c3c3
329,Libby,Treweke,Male,Japan,#3eab8c
330,Claretta,Danbye,Male,Portugal,#d6957f
331,Darelle,Kaser,Male,Russia,#f47c13
332,Remington,McCormick,Male,Ukraine,#dd5815
333,Lion,Benneton,Male,Poland,#237866
334,Irvin,Eberts,Male,Poland,#a3f48a
335,Hirsch,Piecha,Male,Sweden,#d004d4
336,Pat,Varne,Female,Sweden,#d42b48
337,Keven,Basketfield,Male,France,#ee4331
338,Eberhard,Whitear,Female,Brazil,#136723
339,Willie,Goudge,Male,Vietnam,#46b5b2
340,Antin,Camois,Female,Philippines,#5e58ff
341,Ebba,Chidwick,Male,China,#13bd94
342,Ferdinand,Fulmen,Male,Thailand,#e093b3
343,Adriano,Gridon,Female,China,#ff972f
344,Monique,Porritt,Female,China,#ef6fd7
345,Willie,Shafto,Male,Burkina Faso,#0fe74a
346,Margarethe,Segrave,Female,France,#378995
347,Marne,Hammerman,Male,Greece,#87485f
348,Luci,Shead,Female,Russia,#5aa23f
349,Tommi,McCloch,Female,Philippines,#f9dcb8
350,Robbin,Matthiae,Female,Russia,#833b8a
351,Suzann,Phalp,Male,China,#5627c2
352,Rolland,Eagleston,Female,Peru,#c07ea0
353,Stearne,Benda,Female,Japan,#186b35
354,Gus,Canario,Female,Poland,#1b8a68
355,Courtnay,Curtin,Male,Russia,#7feccd
356,Reinold,Levesley,Male,China,#fb2816
357,Brittani,Myhill,Male,United States,#723367
358,Theresina,Carine,Female,Japan,#a0886c
359,Dawna,Gold,Male,Slovenia,#fce027
360,Claresta,Britian,Female,China,#7bd659
361,Dulcie,Doumenc,Male,Philippines,#c2df51
362,Cullan,Scatcher,Male,Pakistan,#c7a0e2
363,Filia,Ladson,Male,Brazil,#7d0839
364,Goddard,Ayce,Female,Venezuela,#eeeacd
365,Krystal,Bilby,Male,Germany,#91cbc1
366,Mattie,Whelpdale,Female,Cuba,#d92393
367,Shanda,Dearle-Palser,Male,Serbia,#d1dc07
368,Berte,Eddisforth,Female,Greece,#2ed905
369,Blakelee,Heinsen,Female,Greece,#1b045d
370,Gisela,Lorkings,Female,China,#8e5229
371,Caryl,Sobieski,Male,Laos,#173c9f
372,Timmie,Decker,Female,Colombia,#b0bf0e
373,Monti,Hacquoil,Male,Brazil,#ae5fd8
374,Agnesse,Ludlam,Male,Russia,#6f617b
375,Miguelita,Dabling,Female,Indonesia,#cef202
376,Mariana,Mingay,Female,Peru,#542180
377,Teddi,Janak,Male,Macedonia,#f8fc4c
378,Peg,O' Bee,Male,Sweden,#2e77db
379,Eulalie,Chitty,Male,China,#19b5fd
380,Mariana,Nuccitelli,Male,China,#fe2b9f
381,Kathye,Mitchinson,Female,China,#9f1444
382,Sonnie,Adamo,Male,Mongolia,#42d7b3
383,Lina,Quakley,Female,France,#fc5389
384,Sheila-kathryn,Hendrick,Male,Poland,#7eb2ec
385,Rachelle,Rouch,Female,South Korea,#f020e0
386,Nertie,Bibby,Female,Ethiopia,#6ab85c
387,Marieann,Scopyn,Male,Benin,#d059e3
388,Ashli,Tandey,Female,Philippines,#09ffd4
389,Reidar,Haisell,Male,Sweden,#5f5e70
390,Ches,Tamburo,Female,Philippines,#1d0851
391,Luciano,Sagg,Male,Pakistan,#41aa00
392,Maddy,Kane,Male,China,#47fe4e
393,Dorelle,Reynoollds,Male,United States,#508206
394,Irvine,Rimmington,Male,Central African Republic,#ba506e
395,Bernie,Whickman,Female,Iran,#f13aee
396,Cara,Gallier,Female,China,#48bbdf
397,Keri,Smy,Male,Brazil,#99942b
398,Gardner,Beastall,Male,China,#15004f
399,Arv,Tyson,Female,South Africa,#86fb46
400,Jules,Rutherforth,Female,Indonesia,#40aac3
401,Ad,Chippindale,Female,Germany,#e017a0
402,Neall,Corney,Male,China,#9f7583
403,Nappie,Camelin,Female,China,#c06958
404,Papageno,McBeth,Female,Poland,#3da4c2
405,Gusta,Albasiny,Male,Russia,#231dec
406,Wendel,Chadwick,Female,Greece,#1bf0b9
407,Blakelee,Darthe,Male,Ukraine,#5566e8
408,Gabi,Cunah,Male,France,#9dfd22
409,Osbourne,Matuszynski,Male,Portugal,#fdf0e1
410,Star,Wolfart,Female,Thailand,#985ec2
411,Erhart,Frensch,Female,China,#f3f987
412,Jobi,Ochterlonie,Female,China,#0a0386
413,Mariette,Ollander,Female,China,#15808e
414,Stephine,Parlott,Male,Poland,#80e795
415,Wilone,Burnard,Male,China,#609396
416,Derril,Kent,Male,Indonesia,#831a5c
417,Shae,Stevenson,Male,Canada,#108618
418,Cynthia,Nilles,Female,China,#5ca647
419,Caresse,Ovens,Female,Philippines,#e6224b
420,Graham,Aistrop,Male,France,#31e5e0
421,Lila,Lowndesbrough,Female,Zimbabwe,#c9abf2
422,Salome,Peever,Female,Philippines,#03e2f8
423,Harley,Buttress,Female,Poland,#33c003
424,Jeremias,Cardiff,Female,Peru,#7b71e8
425,Hallie,Bemand,Male,Indonesia,#5ff53d
426,Otha,Elkins,Male,Philippines,#a8587b
427,Gail,McPhelimey,Female,Indonesia,#00e87a
428,Dagny,Duce,Female,China,#f086ef
429,Clementia,Sappy,Male,China,#f4727f
430,Gabie,Zoanetti,Female,Argentina,#623494
431,Ketty,McAne,Male,China,#86b334
432,Alvis,Jerwood,Female,China,#c545b2
433,Estevan,Polini,Male,China,#37d75b
434,Maryl,Brands,Male,Portugal,#1c6895
435,Adele,Roches,Male,China,#fa0edc
436,Felicity,Klimke,Female,Sweden,#206483
437,Worthy,Caudray,Female,Bosnia and Herzegovina,#c3703f
438,Mallorie,Darlison,Female,Russia,#d61837
439,Gus,Shepstone,Male,Indonesia,#d33545
440,Celestyna,Domico,Female,Mongolia,#0f6133
441,Jennie,Carlone,Female,China,#022d3b
442,Leonerd,Gaither,Female,China,#dac5cf
443,Mariam,Pughe,Female,Bulgaria,#6f8b1f
444,Alidia,Kliemann,Female,Brazil,#7003c2
445,Sher,Argile,Female,France,#2dca2c
446,Susann,MacNalley,Male,Myanmar,#b2aa76
447,Perla,Bellison,Male,Philippines,#153fef
448,Martynne,Tuffield,Male,Brazil,#c0bcf6
449,Tremaine,Atlee,Male,Indonesia,#763093
450,Vincenz,Dunbobin,Male,Portugal,#55a6ae
451,Tymon,Vango,Female,France,#c6e2e3
452,Dalis,Birt,Female,Chad,#34c95c
453,Diane-marie,Gerardot,Male,China,#49aad7
454,Peadar,Cowerd,Male,Guatemala,#35be7e
455,Velma,Asipenko,Female,Czech Republic,#2571c1
456,Winna,Crickmoor,Female,Indonesia,#87cfd9
457,Byrann,Brickstock,Male,Indonesia,#2af43e
458,Kassey,Thame,Male,Bolivia,#32db5c
459,Hyatt,Pfeuffer,Female,Philippines,#5256eb
460,Etta,Koch,Female,Russia,#f966ac
461,Laural,Gergolet,Male,Indonesia,#498f6e
462,Fons,Possell,Male,Portugal,#1f64d8
463,Linea,Matantsev,Female,China,#44d790
464,Brandy,Keelinge,Female,Indonesia,#92ecd1
465,Jodee,Emmer,Female,Iran,#f2b364
466,Ursola,Burdis,Male,China,#a30472
467,Nathanial,Dillinton,Female,Pakistan,#8f8e39
468,Nikkie,Hugland,Male,China,#c99f01
469,Conny,Pedrick,Female,China,#1e0c05
470,Kamillah,Mingo,Female,United Kingdom,#8066df
471,Owen,Iacovides,Female,Albania,#659f3f
472,Petey,Reedman,Male,Thailand,#76e4dc
473,Reginald,Gomersal,Female,China,#286cb8
474,Bobbye,Tabary,Male,China,#9c3e26
475,Viole,Pacey,Male,Kyrgyzstan,#0faecd
476,Elvira,Plumley,Female,Philippines,#15d3c6
477,Winnah,Vettore,Male,Indonesia,#72d832
478,Adams,Keegan,Female,China,#cf384e
479,Misty,Castagne,Female,Poland,#9f8f64
480,Tobie,Bert,Male,Norway,#f6cf2b
481,Zacharia,Gimblett,Male,China,#05d86d
482,Celestyn,Ferens,Male,Indonesia,#131b74
483,Kimberlyn,Fulham,Female,Greece,#355547
484,Bing,MacConchie,Female,Russia,#ca700b
485,Andee,Machin,Male,China,#bcb62e
486,Sidney,Archbald,Male,Canada,#796b6d
487,Marysa,McDuffy,Female,Russia,#64f830
488,Harrison,Greedy,Female,China,#1d1ac1
489,Lucias,Sextie,Male,France,#2d029f
490,Oralee,Kestin,Male,Indonesia,#426f3a
491,Aline,Blackater,Male,Portugal,#f34f4f
492,Ker,Chalfont,Male,China,#ecdd92
493,Etta,McLurg,Male,Palestinian Territory,#dd2978
494,Taber,Barkaway,Female,Sweden,#a8bccd
495,Gabey,Grime,Female,Indonesia,#db8b4c
496,Katine,McAvin,Female,Colombia,#787efc
497,Wilt,Denniston,Male,China,#232dda
498,Johna,Dounbare,Male,Indonesia,#063c51
499,Karina,Ciottoi,Male,United States,#6c3c8a
500,Brandie,Schoular,Male,China,#4f2382
501,Banky,Benyon,Female,Seychelles,#67d0d4
502,Milicent,Jahnisch,Male,Denmark,#a525e2
503,Elden,Kristiansen,Female,Czech Republic,#fb96f0
504,Kare,Cazereau,Male,Russia,#f5464b
505,Gabie,Skeech,Male,Micronesia,#65315f
506,Ban,Rosenzwig,Male,Ethiopia,#5344d8
507,Michel,Werlock,Female,China,#a68d6f
508,Efrem,Leyburn,Male,Honduras,#46f189
509,Billy,Pennone,Female,Portugal,#6015b6
510,Hilarius,Tointon,Female,China,#c10597
511,Wilt,Dybald,Male,Poland,#ecc183
512,Arlana,Millichap,Female,China,#1ea090
513,Ceciley,Poynter,Female,Sweden,#9ce5ab
514,Marleen,Josefovic,Male,Germany,#9440aa
515,Janina,Taw,Female,Philippines,#06c669
516,Falkner,Kleisle,Female,Argentina,#e7af4f
517,Devin,McAlester,Female,Greece,#6075fe
518,Harriette,Edgehill,Female,China,#61160b
519,Laurie,Bultitude,Male,China,#402cf8
520,Lela,Elkins,Male,China,#37e7b5
521,Edmon,Hemstead,Male,Peru,#7cf245
522,Caye,Reade,Male,China,#bf7015
523,Denney,Ebbings,Female,China,#e67972
524,Wittie,Craigg,Female,Indonesia,#0b7f4b
525,Freda,Mowday,Female,Belarus,#cdf596
526,Sianna,Groombridge,Male,Portugal,#be5eac
527,Christalle,Bottrell,Male,Brazil,#b92069
528,Guilbert,Qualtro,Male,Ukraine,#52a9cd
529,Nolie,Graveney,Male,China,#4a1acf
530,Diego,Garlett,Female,China,#2a4b53
531,Frazer,Garfitt,Female,China,#3d5b43
532,Lanette,Channing,Male,Philippines,#fc0ea1
533,Harald,Ziemke,Female,Russia,#179518
534,Glynda,McCrossan,Female,Indonesia,#5714e4
535,Jeffie,Brunel,Male,China,#445571
536,Zerk,Aspy,Female,Netherlands,#321d11
537,Harold,Anetts,Male,Poland,#3a1062
538,Quintilla,Baudinet,Female,Ukraine,#232fb7
539,Lucille,Mounsie,Female,Indonesia,#cd20ca
540,Mariejeanne,Grayshon,Male,Canada,#db5cb6
541,Shurlock,Eva,Male,Norway,#e4526f
542,Salome,Battrick,Male,Slovenia,#1d55c7
543,Euphemia,Armiger,Female,Philippines,#bd88a2
544,Brynn,Britcher,Female,Malaysia,#f649b0
545,Artur,Trelease,Male,Sudan,#62a8c5
546,Rose,Abeles,Female,France,#88c03f
547,Igor,Limb,Female,Slovenia,#000dab
548,Matelda,Ivanovic,Male,Norway,#48cda9
549,Hatti,Emmison,Male,Indonesia,#a574c3
550,Gianina,Wardle,Male,Brazil,#5b98d4
551,Nerita,Villiers,Female,Mozambique,#4c4bd8
552,Ring,Rye,Female,Canada,#e47ba1
553,Cherye,Whordley,Male,China,#99496c
554,Karyl,Biscomb,Female,Russia,#88ed53
555,Duff,Caulton,Male,Mongolia,#a8f1dc
556,Laura,Somerbell,Female,Argentina,#ca293a
557,Nahum,Tarborn,Female,China,#f19971
558,Kirstyn,Kitchen,Male,Dominican Republic,#415d31
559,Lynn,McKleod,Male,Greece,#fb24ad
560,Blancha,Backshell,Male,Serbia,#ed5dbf
561,Feliks,Facer,Male,Democratic Republic of the Congo,#6ada80
562,Josias,Pepperd,Male,Indonesia,#532218
563,Sonnie,Grendon,Male,France,#612181
564,Arlena,Grumell,Female,Sweden,#60fa3d
565,Randi,Greene,Male,Malaysia,#2f41a8
566,Ethel,Ridder,Male,Philippines,#c0f64b
567,Pearline,Sandeman,Female,Slovenia,#352051
568,Cissiee,Stonner,Male,Russia,#f55d9a
569,Germaine,Litzmann,Male,China,#0b05ee
570,Helga,Darthe,Female,Indonesia,#2302b2
571,Carver,Pedrol,Male,Argentina,#c08f02
572,Ariana,Dulieu,Female,China,#bebcfe
573,Anestassia,Baudon,Female,France,#5fbd86
574,Zuzana,MacKimm,Female,China,#d85be5
575,Brook,Aldred,Female,Indonesia,#88c34f
576,Jaclin,Lissandrini,Male,Ukraine,#c1294d
577,Brittne,Bulluck,Female,Indonesia,#e8ea31
578,Filberto,Southwick,Male,Morocco,#36bc65
579,Kathryne,Eayres,Female,Hungary,#4bf494
580,Myra,Breit,Male,Afghanistan,#b44181
581,Con,Pate,Female,United States,#622c23
582,Dennis,Veart,Female,Finland,#94272a
583,Loutitia,Alejandri,Female,Russia,#998437
584,Berkeley,Kilpin,Female,Tonga,#47e775
585,Celestyna,Adolfsen,Female,Indonesia,#131075
586,Amy,Michelmore,Female,China,#ba53ee
587,Nadean,Hellicar,Male,Belarus,#205bf5
588,Concettina,Nelius,Male,Morocco,#473ab5
589,Randa,Coggan,Male,Indonesia,#c07e8d
590,Jonas,Hrynczyk,Female,Democratic Republic of the Congo,#b205b9
591,Darill,Turmell,Female,Brazil,#ebf216
592,Del,Bosher,Male,Bulgaria,#72860a
593,Haywood,Buche,Female,Indonesia,#10cc0f
594,Lorianne,Phelp,Female,Tonga,#06a946
595,Rachele,Breen,Female,Brazil,#df59bc
596,Rosmunda,Wheildon,Male,Slovakia,#c08825
597,Bili,Macenzy,Male,China,#b86e7a
598,Lisle,Archbold,Male,China,#690a34
599,Giorgi,Float,Female,Thailand,#22f1a8
600,Ulrich,Ginn,Male,China,#51bb44
601,Pammie,Willshee,Male,Ireland,#8673b1
602,Susanetta,Davidson,Female,Philippines,#38c491
603,Price,Kleinholz,Male,China,#01a148
604,Erasmus,Doby,Female,Armenia,#4e20f9
605,Amii,Hearle,Female,South Africa,#5283d8
606,Rasia,Perfili,Female,Indonesia,#e3bd86
607,Balduin,Grigorkin,Female,Philippines,#d067f2
608,Skell,Hamper,Female,Tajikistan,#40a390
609,Clementina,Wellbelove,Female,Austria,#64b049
610,Fons,Dulson,Male,Czech Republic,#9d716a
611,Cindie,Cusick,Male,France,#32778b
612,Babbette,Bootland,Female,Philippines,#506893
613,Tremayne,Simeoni,Male,China,#362864
614,Dyanna,Lyte,Male,Japan,#5c5538
615,Marshall,Staite,Female,Brazil,#f2f842
616,Livia,Arnell,Male,China,#306d8f
617,Evey,Fairtlough,Female,China,#ebcd07
618,Buddy,Macias,Female,China,#a2a203
619,Nannette,McEwan,Male,Czech Republic,#7fed55
620,Wanids,Munehay,Male,Indonesia,#3d767d
621,Karlen,Guilder,Female,China,#399d60
622,Karola,Dunseath,Female,Philippines,#5a08fd
623,Nikolas,Mawne,Female,China,#032068
624,Jeannette,Zorzoni,Female,Indonesia,#2a4aef
625,Fallon,Dolling,Male,Dominican Republic,#5f878e
626,Umeko,Byram,Male,Venezuela,#574b58
627,Bryce,Baytrop,Male,Argentina,#9c5bf1
628,Tori,Caslake,Male,Bosnia and Herzegovina,#ac884c
629,Monique,Chislett,Male,Philippines,#074283
630,Jarrod,Sollime,Female,Indonesia,#d7d726
631,Stanislaw,Berger,Female,Estonia,#312731
632,Doe,Hannaford,Male,China,#d6c351
633,Lion,Streatfeild,Female,Dominica,#d19dc7
634,Abbie,Stainbridge,Male,Portugal,#dc7d98
635,Glenda,Will,Female,Indonesia,#26369a
636,Cirillo,Biasetti,Female,China,#dcc2be
637,Danyette,Shergold,Male,United States,#748c6b
638,Minnaminnie,Clipston,Female,Indonesia,#c9e4f7
639,Letisha,Taynton,Male,United States,#50d6aa
640,Peter,De Vaan,Male,Brazil,#3b5dfa
641,Bellina,Haggerwood,Female,China,#9e8c1c
642,Glenna,Ashington,Male,Peru,#c63f92
643,Wilmer,Soff,Male,Sri Lanka,#b97dc1
644,Jeni,Atkyns,Male,China,#e8566f
645,Robena,Corwin,Male,Vietnam,#9e5239
646,Kameko,Winfindine,Male,Japan,#456d43
647,Germaine,Phittiplace,Female,China,#5f6a3a
648,Sean,Clampton,Male,France,#1c6d9d
649,Meryl,Maggs,Male,China,#fd90f3
650,Libby,Wayvill,Male,Argentina,#258788
651,Dale,Ferneyhough,Male,Russia,#b0847e
652,Georgena,Dunkerly,Female,Nigeria,#0baca8
653,Phoebe,Marks,Male,Poland,#7008bb
654,Thatch,Mattek,Female,Indonesia,#e40080
655,Sibella,Lamba,Male,Japan,#4605e5
656,Maribel,Fessions,Male,Cameroon,#f10864
657,Bess,Grigs,Male,China,#a5b95c
658,Ralf,Simonini,Male,Indonesia,#7ad9d4
659,Clarence,Forri,Female,Croatia,#9ab9a3
660,Kliment,Friatt,Female,United States,#fe1acb
661,Julie,Rosenkrantz,Male,Indonesia,#d6c7bd
662,Rochester,Landsbury,Male,Czech Republic,#222b04
663,Giffy,Ottewell,Female,Brazil,#ac7ad1
664,Dale,Petty,Male,Mongolia,#7fe70f
665,Tye,Harker,Female,Ukraine,#f89bdd
666,Phylys,Bowling,Male,Egypt,#bad1d4
667,Tammie,Stanlake,Female,United States,#6e8d8e
668,Elmo,Bercher,Female,Indonesia,#cbb3ed
669,Ilsa,Beneix,Male,France,#b72534
670,Philippine,Sawfoot,Female,Russia,#74e40f
671,Daune,Perrin,Male,South Africa,#e58c55
672,Rowena,Dummigan,Female,Poland,#95577f
673,Thatch,Landor,Female,Brazil,#cf39d0
674,Mikael,Grovier,Male,Lebanon,#8829a9
675,Marlena,Etridge,Male,Cuba,#0ff0d4
676,Ed,Bavridge,Male,China,#8250a2
677,Carin,Giacomucci,Male,Czech Republic,#b0af17
678,Sissie,Burchett,Female,Indonesia,#14cb52
679,Jobye,Sonner,Male,Poland,#f0c19b
680,Aurlie,Dimblebee,Male,China,#c7d61a
681,Ronda,Fontanet,Male,China,#aa954d
682,Melinde,D'Onise,Female,Tajikistan,#3b4e6a
683,Nickolai,Beresfore,Female,Morocco,#775386
684,Martynne,Took,Female,Croatia,#72e96e
685,Brett,Standbrooke,Male,China,#21e188
686,Joete,Grewer,Female,Benin,#9cc9b2
687,Reginald,Morican,Female,China,#0291d3
688,Beverlee,Eltringham,Female,Brazil,#bb32e1
689,Klemens,Dowtry,Female,Bosnia and Herzegovina,#59a1dd
690,Corinna,Tomkowicz,Female,Cuba,#d42495
691,Dorella,Brockman,Male,Peru,#75f208
692,Spence,Crofthwaite,Female,Jamaica,#dc5d7a
693,Anastasie,Pressey,Male,Liberia,#b5b2c9
694,Mose,Perrigo,Female,Indonesia,#6bb633
695,Klara,Eddison,Female,Egypt,#c5b3e5
696,Tova,Corns,Male,Russia,#57efbc
697,Maurita,Dalgliesh,Male,Brazil,#982340
698,Brig,Haighton,Female,Mexico,#ef7350
699,Charin,Pawlik,Male,Bulgaria,#f61b4f
700,Felicle,Yesipov,Female,China,#0344b6
701,Judith,Gillino,Female,Greece,#eb815b
702,Susi,McCluskey,Female,Indonesia,#42a6a1
703,Lanni,Apfel,Female,Russia,#4887f3
704,Leela,Jatczak,Male,China,#b59f70
705,Nertie,Kitcherside,Female,Croatia,#e57553
706,Ilario,Bucknell,Female,Mexico,#0ac286
707,Fields,Grayland,Male,Syria,#3e4657
708,Ricard,Bruckshaw,Male,Cambodia,#7ae699
709,Aime,Garvin,Male,Sweden,#58fcd3
710,Leonerd,Hadlow,Male,Indonesia,#9c6e35
711,Ado,Tomich,Female,China,#73ef70
712,Gunther,Lincoln,Female,France,#2315a1
713,Glori,Oliphard,Female,Ukraine,#d33bf3
714,Horatia,Eyers,Female,France,#ad87e9
715,Amabel,Benediktovich,Female,Cyprus,#2e81cb
716,Raynor,McCrostie,Female,China,#a92a53
717,Clea,Linturn,Male,Indonesia,#a388b7
718,Hilary,Gwatkins,Male,Madagascar,#f6fadd
719,Thain,Dandie,Female,Russia,#d9b9fd
720,Aila,Bento,Male,Yemen,#badb34
721,Viki,Hirtz,Female,China,#b33443
722,Cart,Dufty,Male,Ghana,#288874
723,Easter,Durn,Male,Greece,#50c2c9
724,Farlie,Wilton,Male,France,#8c512b
725,Bret,Fennell,Female,Moldova,#4b4117
726,Yard,Bustard,Female,Brazil,#2554ab
727,Octavia,Kuscha,Male,Thailand,#a617de
728,Kermie,Hatwells,Female,China,#b2441b
729,Charmain,Halgarth,Female,Colombia,#d4a1c4
730,Beau,Raden,Male,Peru,#6c16f3
731,Damita,Fincham,Female,Argentina,#ebc5b4
732,Karyl,Neville,Male,Indonesia,#4407f4
733,Shannah,Bilborough,Male,Czech Republic,#0ffb4f
734,Lotty,Woollcott,Male,South Korea,#450634
735,Cullie,Harnor,Female,Ukraine,#9d0691
736,Lucia,Martinelli,Female,Indonesia,#ba0e6b
737,Elsi,Chafney,Female,Indonesia,#eaf862
738,Carole,Medway,Male,Portugal,#0c94b4
739,Honor,Valentinetti,Female,China,#3753e4
740,Frankie,Ball,Female,China,#7c6ddc
741,Xylina,Gasperi,Male,Tunisia,#21f4a7
742,Neel,Parysowna,Male,Pakistan,#f765de
743,Johann,Overthrow,Male,China,#7623ba
744,Xerxes,Lucks,Male,Mauritius,#9c6fbd
745,Dorella,Hearley,Male,Azerbaijan,#42bf7e
746,Evita,Bleackley,Male,China,#54bc11
747,Charla,Pagden,Female,Philippines,#466a18
748,Blondell,Mordanti,Male,China,#f5f3ae
749,Devan,Bullivent,Female,Peru,#d34b7c
750,Timoteo,Hrus,Female,Philippines,#6c1600
751,Franchot,Rentoll,Female,South Africa,#b59432
752,Daron,Ghione,Male,France,#8bb064
753,Toiboid,Gosson,Male,Nicaragua,#1adf55
754,Rahal,Theuss,Female,Russia,#e497ba
755,Minna,Moogan,Male,Afghanistan,#4d2366
756,Lianna,Burchatt,Female,Portugal,#e99ba4
757,Hodge,Dawbury,Male,China,#edbe49
758,Stanleigh,Dullard,Male,China,#511ec5
759,Tressa,Rutherfoord,Female,Indonesia,#e4aa6c
760,Nickolaus,Ferries,Female,China,#9d129a
761,Hughie,Valenta,Male,Norway,#ab1590
762,Eugen,Verrechia,Male,Ecuador,#fffeb5
763,Orella,Madge,Male,Indonesia,#6970ef
764,Jennine,Gartell,Female,Uganda,#22ea72
765,Zita,Heber,Male,China,#508fe1
766,Sara-ann,Hanscome,Male,Indonesia,#604aa7
767,Marijo,Bartocci,Female,Laos,#21ef89
768,Erika,Bogies,Female,Bosnia and Herzegovina,#4c45ff
769,Garner,Kitcat,Male,China,#6f0791
770,Rob,Iacapucci,Male,Croatia,#f518b2
771,Shea,Tenman,Female,Philippines,#faf453
772,Mikaela,Whelband,Male,Canada,#34889c
773,Bee,Ham,Male,China,#5d3c9d
774,Chandler,Deniscke,Male,France,#5b49ee
775,Robby,Grzes,Female,Serbia,#573eea
776,Terrell,Manifold,Male,China,#de748a
777,Kerrie,Abarough,Female,Ireland,#49aada
778,Doloritas,Whild,Male,Portugal,#407dde
779,Birgit,Fahy,Male,Indonesia,#6985b7
780,Corena,le Keux,Female,China,#4a7693
781,Doralynne,Gerardet,Female,Indonesia,#756e2c
782,Mavis,Vigar,Male,South Korea,#ef4c66
783,Henrik,Mabbott,Male,Czech Republic,#275774
784,Edith,Newstead,Male,Philippines,#c9e8f8
785,Bank,De Ath,Male,Spain,#b29cca
786,Ely,Chicotti,Male,Indonesia,#263388
787,Lisa,Everett,Female,United States,#b4f6e0
788,Glen,Gavini,Male,Brazil,#d7d9f1
789,Sasha,Silcox,Male,Kyrgyzstan,#ed9af8
790,Curry,Holgan,Female,Indonesia,#2555fd
791,Foster,Coulson,Male,China,#ac89c2
792,Randolf,Reihill,Male,Indonesia,#a09616
793,Sigrid,Jirsa,Male,Russia,#f73875
794,Lonny,Tomet,Female,Burkina Faso,#aee731
795,Phip,Danielkiewicz,Male,Czech Republic,#dcbdeb
796,Moll,Powrie,Female,Nigeria,#f420e7
797,Glenna,Apps,Female,Indonesia,#5b3182
798,Mic,Skoggings,Male,Russia,#6e33ac
799,Terrye,MacCrachen,Female,China,#a7ea6a
800,Urbain,Heighway,Female,Philippines,#784e8a
801,Luigi,Gwynne,Male,Kazakhstan,#2fc40f
802,Jeffrey,Hadaway,Female,Afghanistan,#df3f17
803,Dino,Cicchelli,Male,Sweden,#ae2731
804,Windham,Ducarne,Female,Vietnam,#5efeb4
805,Lombard,Elsop,Female,Portugal,#eee0c7
806,Fairleigh,Cuseick,Female,United States,#3684fd
807,Sherri,Maunton,Female,Ireland,#0aac57
808,Ezmeralda,Arderne,Male,Luxembourg,#62d63f
809,Emmett,Caurah,Female,United States,#da94a8
810,Butch,Fortie,Male,Philippines,#e4c8c6
811,Homerus,Mimmack,Female,Central African Republic,#6b1033
812,Glennie,Turbitt,Female,Serbia,#9a2dc8
813,Byram,Aldritt,Female,China,#344095
814,Rachele,Melson,Female,Ukraine,#c6ad6d
815,Winna,Charnock,Female,Argentina,#5dfd99
816,Ingeborg,Gadie,Female,Ukraine,#57dd11
817,Sophey,Scoyles,Male,Jamaica,#892b8a
818,Barbette,Belward,Female,Sweden,#c2e2bd
819,Othilia,Crickmore,Male,Bangladesh,#2cacd2
820,Dareen,Sevitt,Male,Ukraine,#f0d336
821,Chandra,Tullett,Male,Russia,#566445
822,Patrizio,Garie,Female,Albania,#c73ced
823,Lilian,Stratz,Female,Japan,#7fb03f
824,Misty,Mebs,Female,Philippines,#e9e75d
825,Gwennie,Woffenden,Male,Bulgaria,#53768b
826,Dolley,Glasbey,Female,Kosovo,#061dc6
827,Blondell,Ovens,Female,Russia,#fe7116
828,Tatiania,Milleton,Male,Poland,#cf1f96
829,Perceval,Fitchen,Female,Nigeria,#feb8a6
830,Holly-anne,Spry,Male,China,#6da996
831,Roland,Beecroft,Male,Guatemala,#a821fa
832,Alexi,Morstatt,Male,Mexico,#3b6ffe
833,Tommie,O'Clery,Female,Tunisia,#a20363
834,Albert,Nealy,Male,Ukraine,#572c93
835,Billi,Dearlove,Male,China,#71c16b
836,Demetria,Winsper,Male,Indonesia,#0dd7ae
837,Raynell,Buckthorpe,Female,Indonesia,#08645d
838,Hermy,Jopp,Male,United Kingdom,#2fb2e9
839,Darcey,Quickfall,Male,Colombia,#6d0883
840,Meggy,Davana,Male,Russia,#8da16f
841,Ellissa,Jirsa,Female,Syria,#d7dafe
842,Valerye,Ollive,Male,China,#ce31cc
843,Rawley,Birtley,Male,Denmark,#b57752
844,Gray,Hesey,Female,Croatia,#0b3878
845,Wilmar,Vanyushin,Male,Japan,#0cc4c3
846,Wynn,Munning,Male,Morocco,#de878d
847,August,McKnish,Female,China,#898001
848,Dulciana,Lindup,Male,Philippines,#7c5603
849,Sylvan,Aberdein,Female,Poland,#5ff5e0
850,Sibby,Birrel,Female,Indonesia,#625c57
851,Sandie,Clappson,Female,Russia,#05ceec
852,Reine,Torfin,Female,France,#4f63e1
853,Jo-ann,Bakes,Male,Marshall Islands,#5e530d
854,Trace,Flight,Female,Indonesia,#fd35fa
855,Derby,Pettecrew,Female,China,#ca7ebe
856,Ema,Krzysztof,Female,Russia,#b13962
857,Cristy,Swatheridge,Male,United States,#ddcd89
858,Justin,Aitchinson,Male,Brazil,#ad6733
859,Kirstin,Standley,Male,Poland,#22964d
860,Kathy,Gillice,Male,Iran,#d8ef0d
861,Elinor,Poppy,Female,North Korea,#8fc15e
862,Jessalyn,Ofen,Female,Venezuela,#705fa2
863,Boone,Eastway,Female,Philippines,#6bbd12
864,Jeanne,Spreckley,Male,China,#a767e8
865,Marylee,Steaning,Female,Indonesia,#c8ee6e
866,Doralyn,Beevor,Male,Republic of the Congo,#bb470c
867,Mallissa,Stollen,Female,Bolivia,#130478
868,Madelyn,Davys,Female,Nigeria,#60c4f3
869,Stanleigh,Hattoe,Male,Chad,#7b4926
870,Ada,Francais,Female,Philippines,#df415a
871,Jefferson,Braksper,Female,Iran,#642d9d
872,Englebert,Delamar,Male,Indonesia,#34b2ee
873,Emelen,Faragan,Male,Mexico,#879840
874,Cayla,Cowoppe,Male,Greece,#39c49d
875,Sallee,Bernon,Male,Japan,#6ee777
876,Rebeca,Croson,Female,Russia,#81dd59
877,Moritz,Saggers,Female,Portugal,#e459a8
878,Lorne,O'Scandall,Male,Sweden,#ccbcc8
879,Chere,Crumley,Female,China,#3350fe
880,Thomasa,Librey,Male,Indonesia,#357f7f
881,Read,Hurle,Female,Mexico,#bd1286
882,Elfrida,Brammar,Female,Argentina,#31ed8d
883,Roth,Oldridge,Male,China,#6e53d1
884,Doyle,Skelding,Male,Central African Republic,#55f67b
885,Antoinette,Graysmark,Female,Albania,#39e843
886,Edmund,Willoughey,Male,Aland Islands,#05c7a0
887,Sallyanne,Thurman,Female,China,#10886a
888,Vinson,MacAlinden,Female,Ukraine,#cf84e1
889,Tonia,Wulfinger,Female,Honduras,#b77fa0
890,Otes,Ebben,Female,China,#ced65f
891,Emyle,Kermott,Female,Canada,#8a7eb2
892,Arel,McLeman,Female,China,#a83fb5
893,Danella,Humburton,Male,Chile,#f5dafb
894,Drusy,Betho,Male,China,#48df45
895,Casper,Bratten,Male,Japan,#8f6630
896,Wes,Cheers,Female,Chile,#e441df
897,Vincenty,Campana,Male,Indonesia,#e9534c
898,Karney,Galsworthy,Male,Ukraine,#dc2b0b
899,Wynne,Rumgay,Female,Cuba,#66fa0c
900,Theresita,Pyburn,Male,Brazil,#b42a62
901,Minni,Hutchings,Male,Brazil,#e00765
902,Carlita,Elen,Female,China,#1db422
903,Elnore,Loader,Female,Tajikistan,#97676a
904,Margo,Tonbye,Female,Argentina,#51057d
905,Claudie,Casone,Male,China,#dcaffb
906,Lara,Chatteris,Male,South Korea,#c86345
907,Lyndel,Rennles,Female,France,#77913e
908,Harcourt,Purvess,Female,Botswana,#530093
909,Chrissy,Iffe,Female,Afghanistan,#29119d
910,Charil,Spykings,Female,China,#2294e9
911,Liv,Chown,Female,Spain,#546a1b
912,Sabina,Crofthwaite,Female,Portugal,#2e009c
913,Darbee,Craighead,Male,Syria,#eeddac
914,Madonna,Munnery,Female,Colombia,#4b274a
915,Melisande,Pieper,Male,Russia,#46eab9
916,Dynah,Geely,Female,Portugal,#1b1e19
917,Gunter,Melross,Female,United States,#623753
918,Coleman,Smithies,Female,Sweden,#8c11fe
919,Adriane,Edlington,Male,Indonesia,#9506e3
920,Pollyanna,Goldson,Male,Argentina,#9dc45e
921,Hube,Dunaway,Male,France,#d9147b
922,Rice,Lillyman,Female,Brazil,#66bb75
923,Dewey,Dexter,Female,Greece,#5384b8
924,Daisy,Hundal,Female,Yemen,#183baf
925,Steffie,Syde,Female,Malta,#b509e5
926,Angelika,O' Loughran,Male,China,#df9312
927,Miles,Capaldi,Male,Morocco,#521904
928,Alica,Baccus,Female,China,#223f9d
929,Dena,Izakoff,Male,China,#a490a5
930,Burt,Fisby,Male,Peru,#f466b0
931,Ellis,Waterdrinker,Male,China,#788291
932,Letty,Archbould,Female,Colombia,#20df56
933,Coral,Cheel,Female,Indonesia,#a6d65a
934,Barton,Kiellor,Male,China,#93c1ac
935,Clayton,McCerery,Male,Nigeria,#4046b5
936,Ted,Banfill,Female,France,#a9b88d
937,Jordain,Brigham,Male,China,#3e5b39
938,Vina,Gethins,Female,Kazakhstan,#703c70
939,Symon,Stonham,Female,Nigeria,#966a69
940,Orville,O'Hanlon,Male,China,#ad668c
941,Lynnett,Christescu,Female,China,#be60b5
942,Dannel,Radborne,Male,Yemen,#042220
943,Merrile,McGarrahan,Male,China,#be584a
944,Fayre,Conibeer,Female,Russia,#d18404
945,Dion,Houlworth,Male,Belarus,#b0fbd7
946,Dodi,Castro,Male,Russia,#02365d
947,Mortimer,Kidds,Male,France,#bdd067
948,Alysia,Marjanovic,Female,France,#7eef3e
949,Yehudi,Guillart,Female,Croatia,#e85601
950,Bartolemo,Louisot,Female,Russia,#c4caec
951,Rori,Lemonnier,Male,Democratic Republic of the Congo,#9c754b
952,Nertie,Byram,Male,Brazil,#1a16f1
953,Jean,Crigin,Female,China,#1fb109
954,Waring,Poston,Female,Japan,#59e22a
955,Graehme,Garvey,Male,Indonesia,#88a998
956,Rudyard,Stapells,Male,Russia,#08a25e
957,Sibel,Cayton,Male,China,#031c85
958,Shaun,Pryell,Male,France,#34ce2d
959,Amerigo,MacCallester,Female,Slovenia,#26a606
960,Marge,Gartland,Female,Russia,#dfc91c
961,Estrella,Comello,Female,United States,#db4348
962,Anthony,Tomkins,Male,China,#832a18
963,Franny,Ladell,Male,Poland,#23494e
964,Waylin,Tizzard,Male,Colombia,#e97f01
965,Cloris,Midgely,Male,Indonesia,#b8b99c
966,Julee,Garstang,Female,Russia,#e6a808
967,Rosie,McCauley,Male,Portugal,#b5240c
968,Jaime,Rowsell,Female,Portugal,#c1da10
969,Dela,Shere,Female,China,#e92474
970,Thurstan,Trent,Female,China,#20474d
971,Rolando,Crowdson,Male,Canada,#2e94c5
972,Dare,Morrice,Female,Russia,#e69a2e
973,Giacinta,Lesek,Female,Philippines,#8cdebf
974,Edee,Budgen,Female,Albania,#44a084
975,Diarmid,McCurtin,Male,Indonesia,#1e1a3b
976,Channa,Frankland,Female,Brazil,#6ffdbf
977,Morena,Reyson,Male,China,#1861a6
978,Bertina,Chaize,Male,Poland,#e0ef48
979,Bryn,Gottelier,Male,Armenia,#2a3f54
980,Gavra,Hothersall,Female,China,#75b969
981,Jo-ann,Smowton,Male,Nigeria,#6b5139
982,Hasty,Newvill,Male,Russia,#661c2c
983,Alexandro,Aldington,Female,Brazil,#c4a377
984,Ephraim,Cale,Male,Ukraine,#f9c7dd
985,Kain,Borland,Female,China,#a17f55
986,Joyann,Fosdike,Male,United States,#08f886
987,Tessa,Hickin,Female,China,#192444
988,Griselda,Sackur,Male,France,#8affa3
989,Fey,Roman,Male,Argentina,#184716
990,Maxy,Mabbe,Male,Kazakhstan,#373887
991,Niko,Saffe,Male,Vietnam,#f65754
992,Germaine,Fernley,Male,China,#547822
993,Kiel,Batchan,Female,Canada,#ab9d1e
994,Ignaz,Woan,Female,Greece,#aa1358
995,Killy,Langtry,Female,China,#692c89
996,Meghann,Millichap,Female,Cameroon,#abfd1d
997,Papageno,Lowater,Male,China,#5928a5
998,Timothea,Richarz,Male,Colombia,#6c5e79
999,Aubrie,Snoddin,Male,Philippines,#f7b9ea
1000,Moselle,Balog,Female,China,#ae570a
